[
  {
    "moduleId": "org.jetbrains.kotlinx:atomicfu:0.23.2",
    "file": "/Users/himanshugaur/AndroidStudioProjects/KtorClient/.kotlin/metadata/kotlinTransformedCInteropMetadataLibraries/org.jetbrains.kotlinx-atomicfu-0.23.2-nativeMain-cinterop/org.jetbrains.kotlinx_atomicfu-cinterop-interop-yBS35w.klib",
    "sourceSetName": "nativeMain"
  },
  {
    "moduleId": "io.ktor:ktor-utils:3.0.0",
    "file": "/Users/himanshugaur/AndroidStudioProjects/KtorClient/.kotlin/metadata/kotlinTransformedCInteropMetadataLibraries/io.ktor-ktor-utils-3.0.0-iosMain-cinterop/io.ktor_ktor-utils-cinterop-threadUtils-Y_B_kg.klib",
    "sourceSetName": "iosMain"
  },
  {
    "moduleId": "io.ktor:ktor-io:3.0.0",
    "file": "/Users/himanshugaur/AndroidStudioProjects/KtorClient/.kotlin/metadata/kotlinTransformedCInteropMetadataLibraries/io.ktor-ktor-io-3.0.0-iosMain-cinterop/io.ktor_ktor-io-cinterop-mutex-qJy_EQ.klib",
    "sourceSetName": "iosMain"
  }
]